group	id	index	cpu	prg_offset	file_offset	length	english	vietnamese	raw_hex
opening	OPEN_00	0	$9B3A	0x01B3A	0x01B4A	250	THIS IS METRO CITY. WITHIN THE WALLS OF THE CITY LIVES THE DAUGHTER OF THE MAYOR, JESSICA. HER BEAUTY RADIATES THROUGHOUT THE CITY AND GIVES THE CITIZENS THE POWER TO SURVIVE. BUT NOW A VILLAIN ATTEMPTS TO HAVE THIS BEACON OF LIGHT ALL TO HIMSELF.	ĐÂY LÀ METRO CITY. TRONG LÒNG THÀNH PHỐ LÀ JESSICA, CON GÁI CỦA THỊ TRƯỞNG. VẺ ĐẸP CỦA CÔ LAN TỎA KHẮP THÀNH PHỐ, TIẾP THÊM SỨC MẠNH CHO NGƯỜI DÂN. NHƯNG GIỜ ĐÂY, MỘT KẺ XẤU MUỐN CHIẾM ÁNH SÁNG ẤY CHO RIÊNG MÌNH.	23 17 18 22 00 18 22 00 1c 14 23 21 1e 00 12 18 23 28 2b fe 26 18 23 17 18 1d 00 23 17 14 00 26 10 1b 1b 22 fe 1e 15 00 23 17 14 00 12 18 23 28 00 1b 18 25 14 22 fe 23 17 14 00 13 10 24 16 17 23 14 21 00 1e 15 fe 23 17 14 00 1c 10 28 1e 21 2c 00 19 14 22 22 18 12 10 2b fe 17 14 21 00 11 14 10 24 23 28 00 21 10 13 18 78 fe 10 23 14 22 00 23 17 21 1e 24 16 17 1e 24 23 fe 23 17 14 00 12 18 23 28 00 10 1d 13 00 16 18 25 14 22 fe 23 17 14 00 12 18 23 18 29 14 1d 22 00 23 17 14 fe 1f 1e 26 14 21 00 23 1e 00 22 24 21 25 18 25 14 2b fe 11 24 23 00 1d 1e 26 00 10 00 25 18 1b 1b 10 18 1d fe 10 23 23 14 1c 1f 23 22 00 23 1e 00 17 10 25 14 fe 23 17 18 22 00 11 14 10 12 1e 1d 00 1e 15 fe 1b 18 16 17 23 00 10 1b 1b 00 23 1e fe 17 18 1c 22 14 1b 15 2b ff
opening	OPEN_01	1	$9C34	0x01C34	0x01C44	88	I CAN'T BELIEVE THAT I'VE ACTUALLY FALLEN IN LOVE WITH THE GIRL. SHE WILL BE MINE.....	TA KHÔNG THỂ TIN MÌNH THỰC SỰ ĐÃ YÊU CÔ GÁI ẤY. CÔ ẤY SẼ THUỘC VỀ TA.....	18 00 12 10 1d 2a 23 00 11 14 1b 18 14 25 14 fe 23 17 10 23 00 18 2a 25 14 00 10 12 23 24 10 1b 1b 28 fe 15 10 1b 1b 14 1d 00 18 1d 00 1b 1e 25 14 fe 26 18 23 17 00 23 17 14 00 16 18 21 1b 2b fe 22 17 14 00 26 18 1b 1b 00 11 14 00 1c 18 1d 14 2b 2b fe 2b 2b 2b ff
opening	OPEN_02	2	$9C8C	0x01C8C	0x01C9C	23	A COUPLE DAYS LATER...	VÀI NGÀY SAU...	10 00 12 1e 24 1f 1b 14 00 13 10 28 22 fe 1b 10 23 14 21 2b 2b 2b ff
opening	OPEN_03	3	$9CA3	0x01CA3	0x01CB3	139	WHAT?! JESSICA... KIDNAPPED...?! WHAT HAVE YOU DONE TO HER, CODY? ME?! THIS IS THE WORK OF THE MAD GEAR GANG. WHAT DO YOU THINK, GUY?	CÁI GÌ?! JESSICA... BỊ BẮT CÓC...?! CẬU ĐÃ LÀM GÌ VỚI CÔ ẤY, CODY? TÔI Ư?! CHUYỆN NÀY DO BĂNG MAD GEAR GÂY RA. CẬU NGHĨ SAO, GUY?	26 17 10 23 75 76 00 19 14 22 22 18 12 10 2b 2b 2b fe 1a 18 13 1d 10 1f 1f 14 13 2b 2b 2b 76 75 76 fe fe 26 17 10 23 00 17 10 25 14 00 28 1e 24 00 13 1e 1d 14 fe 23 1e 00 17 14 21 2c 00 12 1e 13 28 75 fe fe 1c 14 75 76 76 00 23 17 18 22 00 18 22 00 23 17 14 fe 26 1e 21 1a 00 1e 15 00 23 17 14 00 1c 10 13 fe 16 14 10 21 00 16 10 1d 16 2b fe 26 17 10 23 00 13 1e 00 28 1e 24 00 23 17 18 1d 1a 2c fe 16 24 28 75 fe ff
opening	OPEN_04	4	$9D2E	0x01D2E	0x01D3E	46	YES. THERE'S NOT A MOMENT TO SPARE. LET'S GO!	PHẢI. KHÔNG CÒN THỜI GIAN. ĐI THÔI!	28 14 22 2b 00 23 17 14 21 14 2a 22 00 1d 1e 23 00 10 fe 1c 1e 1c 14 1d 23 00 23 1e 00 22 1f 10 21 14 2b fe 1b 14 23 2a 22 00 16 1e 76 ff
opening	OPEN_05	5	$9D5C	0x01D5C	0x01D6C	171	DAD, IT'S ABOUT TIME YOU GOT HERE. SORRY PRINCESS, BUT I NEEDED TO TAKE OUT THE TRASH. DAD, WHERE'S CODY? CODY? I LOST SIGHT OF HIM ON THE WAY HERE. OH, WAY TO GO DAD!	BỐ, CUỐI CÙNG BỐ CŨNG ĐẾN. XIN LỖI CÔNG CHÚA, NHƯNG BỐ PHẢI DỌN ĐỐNG RÁC ĐÓ. BỐ, CODY ĐÂU RỒI? CODY Ư? BỐ ĐÃ MẤT DẤU CẬU ẤY TRÊN ĐƯỜNG ĐẾN ĐÂY. Ồ, HAY LẮM, BỐ!	13 10 13 2c 00 18 23 2a 22 00 10 11 1e 24 23 fe 23 18 1c 14 00 28 1e 24 00 16 1e 23 00 17 14 21 14 2b fe fe 22 1e 21 21 28 00 1f 21 18 1d 12 14 22 22 2c fe 11 24 23 00 18 00 1d 14 14 13 14 13 00 23 1e fe 23 10 1a 14 00 1e 24 23 00 23 17 14 00 23 21 10 22 17 2b fe 13 10 13 2c 00 26 17 14 21 14 2a 22 00 12 1e 13 28 75 fe fe fe 12 1e 13 28 75 00 18 00 1b 1e 22 23 00 22 18 16 17 23 fe 1e 15 00 17 18 1c 00 1e 1d 00 23 17 14 00 26 10 28 fe 17 14 21 14 2b fe 1e 17 2c 00 26 10 28 00 23 1e 00 16 1e 00 13 10 13 76 ff
opening	OPEN_06	6	$9E07	0x01E07	0x01E17	198	LET GO OF ME, GUY! WITHOUT MY HELP, SHE WOULD BE... CONTROL YOURSELF. LET THE MAYOR AND JESSICA TALK. FOR ONCE IN YOUR LIFE, THINK OF SOMEONE ELSE BESIDES YOURSELF. LET GO OF ME!	BUÔNG TÔI RA, GUY! KHÔNG CÓ TÔI GIÚP, CÔ ẤY SẼ... BÌNH TĨNH LẠI. CỨ ĐỂ THỊ TRƯỞNG VÀ JESSICA NÓI CHUYỆN. ÍT NHẤT MỘT LẦN TRONG ĐỜI, HÃY NGHĨ CHO NGƯỜI KHÁC THAY VÌ CHỈ NGHĨ CHO BẢN THÂN. BUÔNG TÔI RA!	1b 14 23 00 16 1e 00 1e 15 00 1c 14 2c 00 16 24 28 76 fe 26 18 23 17 1e 24 23 00 1c 28 00 17 14 1b 1f 2c fe 22 17 14 00 26 1e 24 1b 13 00 11 14 2b 2b 2b fe 12 1e 1d 23 21 1e 1b 00 28 1e 24 21 22 14 1b 15 2b fe 1b 14 23 00 23 17 14 00 1c 10 28 1e 21 00 10 1d 13 fe 19 14 22 22 18 12 10 00 23 10 1b 1a 2b fe 15 1e 21 00 1e 1d 12 14 00 18 1d 00 28 1e 24 21 fe 1b 18 15 14 2c 00 23 17 18 1d 1a 00 1e 15 fe 22 1e 1c 14 1e 1d 14 00 14 1b 22 14 fe 11 14 22 18 13 14 22 00 28 1e 24 21 22 14 1b 15 2b fe 1b 14 23 00 16 1e 00 1e 15 00 1c 14 76 fe fe 00 00 00 00 00 14 00 00 00 1d 00 00 00 13 00 00 00 ff
boss	BOSS_00	0	$9D71	0x09D71	0x09D81	29	HEH HEH. I AM THRASHER,	HA HA HA. TA LÀ THRASHER,	35 00 02 02 02 17 14 17 78 17 14 17 2b 00 18 00 10 1c 00 23 17 21 10 22 17 14 21 2c ff
boss	BOSS_01	1	$9D71	0x09D71	0x09D81	29	HEH HEH. I AM THRASHER,	HA HA HA. TA LÀ THRASHER,	35 00 02 02 02 17 14 17 78 17 14 17 2b 00 18 00 10 1c 00 23 17 21 10 22 17 14 21 2c ff
boss	BOSS_02	2	$9D8E	0x09D8E	0x09D9E	25	RULER OF THIS CITY.	KẺ CAI TRỊ THÀNH PHỐ NÀY.	35 00 03 03 03 21 24 1b 14 21 00 1e 15 00 23 17 18 22 00 12 18 23 28 2b ff
boss	BOSS_03	3	$9DA7	0x09DA7	0x09DB7	25	BOW DOWN BEFORE ME	QUỲ XUỐNG TRƯỚC MẶT TA	35 02 0b 09 80 11 1e 26 00 13 1e 26 1d 00 11 14 15 1e 21 14 00 1c 14 76 ff
boss	BOSS_04	4	$9DC0	0x09DC0	0x09DD0	31	DON'T YOU KNOW I RULE THE	NGƯƠI KHÔNG BIẾT TA CAI TRỊ	35 00 06 06 06 13 1e 1d 2a 23 00 28 1e 24 00 1a 1d 1e 26 00 18 00 21 24 1b 14 00 23 17 14 ff
boss	BOSS_05	5	$9DC0	0x09DC0	0x09DD0	31	DON'T YOU KNOW I RULE THE	NGƯƠI KHÔNG BIẾT TA CAI TRỊ	35 00 06 06 06 13 1e 1d 2a 23 00 28 1e 24 00 1a 1d 1e 26 00 18 00 21 24 1b 14 00 23 17 14 ff
boss	BOSS_06	6	$9DDF	0x09DDF	0x09DEF	15	STREETS	CẢ NHỮNG CON PHỐ NÀY	35 02 0b 0a 80 22 23 21 14 14 23 22 76 75 ff
boss	BOSS_07	7	$9DEE	0x09DEE	0x09DFE	25	THOSE WHO OFFEND ME	KẺ NÀO XÚC PHẠM TA	35 00 08 08 08 23 17 1e 22 14 00 26 17 1e 00 1e 15 15 14 1d 13 00 1c 14 ff
boss	BOSS_08	8	$9E07	0x09E07	0x09E17	15	MUST DIE	ĐỀU PHẢI CHẾT	35 00 00 00 00 1c 24 22 23 00 13 18 14 76 ff
boss	BOSS_09	9	$9E16	0x09E16	0x09E26	90	WAHHHHH	WAHHHHH	35 00 05 05 05 26 10 17 17 17 17 17 76 fb fb fb fb fb fb fb fb fb fb fb fb fb fb fb fb fb fb fb fb fa f9 35 00 07 07 07 10 21 16 17 17 17 17 76 fb fb fb fb fb fb fb fb fb fb fb fb fb fb fb fb fb fb fb fb fa f9 35 00 0c 0c 0c 18 00 10 1c 00 22 24 1f 14 21 18 1e 21 2b ff
boss	BOSS_10	10	$9E39	0x09E39	0x09E49	55	ARGHHHH	ARGHHHH	35 00 07 07 07 10 21 16 17 17 17 17 76 fb fb fb fb fb fb fb fb fb fb fb fb fb fb fb fb fb fb fb fb fa f9 35 00 0c 0c 0c 18 00 10 1c 00 22 24 1f 14 21 18 1e 21 2b ff
boss	BOSS_11	11	$9E5C	0x09E5C	0x09E6C	20	I AM SUPERIOR.	TA VƯỢT TRỘI HƠN.	35 00 0c 0c 0c 18 00 10 1c 00 22 24 1f 14 21 18 1e 21 2b ff
boss	BOSS_12	12	$9E70	0x09E70	0x09E80	32	MAYBE YOU'RE STRONGER THAN	CÓ LẼ NGƯƠI MẠNH HƠN VẺ NGOÀI	35 00 0d 0d 0d 1c 10 28 11 14 00 28 1e 24 2a 21 14 00 22 23 21 1e 1d 16 14 21 00 23 17 10 1d ff
boss	BOSS_13	13	$9E90	0x09E90	0x09EA0	15	YOU LOOK.	NHƯNG CHỈ CÓ THẾ THÔI.	35 00 0e 0e 0e 28 1e 24 00 1b 1e 1e 1a 2b ff
boss	BOSS_14	14	$9E9F	0x09E9F	0x09EAF	28	WHY DON'T YOU JOIN US	SAO KHÔNG GIA NHẬP BỌN TA	35 01 11 0f 00 26 17 28 00 13 1e 1d 2a 23 00 28 1e 24 00 19 1e 18 1d 00 24 22 75 ff
boss	BOSS_15	15	$9EBB	0x09EBB	0x09ECB	34	YOU DARE REFUSE THE MAD GEAR	NGƯƠI DÁM TỪ CHỐI BĂNG MAD GEAR	35 00 10 10 10 28 1e 24 00 13 10 21 14 00 21 14 15 24 22 14 00 23 17 14 00 1c 10 13 00 16 14 10 21 ff
boss	BOSS_16	16	$9EDD	0x09EDD	0x09EED	11	GANG	SAO?	35 00 07 07 07 16 10 1d 16 75 ff
boss	BOSS_17	17	$9EE8	0x09EE8	0x09EF8	30	HEH HEH. I DON'T BELIEVE	HA HA HA. TA KHÔNG TIN	35 00 12 12 12 17 14 17 78 17 14 17 2b 00 18 00 13 1e 1d 2a 23 00 11 14 1b 18 14 25 14 ff
boss	BOSS_18	18	$9F06	0x09F06	0x09F16	31	YOU. YOU'RE TOO MUCH OF A	NGƯƠI. NGƯƠI CHỈ LÀ MỘT	35 00 13 13 13 28 1e 24 2b 00 28 1e 24 2a 21 14 00 23 1e 1e 00 1c 24 12 17 00 1e 15 00 10 ff
boss	BOSS_19	19	$9F25	0x09F25	0x09F35	17	MAMA'S BOY.	THẰNG CON TRAI MẸ.	35 00 00 00 00 1c 10 1c 10 2a 22 00 11 1e 28 2b ff
boss	BOSS_20	20	$9F36	0x09F36	0x09F46	32	YOU'RE TOO FAT AND LAZY TO	NGƯƠI QUÁ BÉO VÀ LƯỜI BIẾNG ĐỂ	35 00 15 15 15 28 1e 24 2a 21 14 00 23 1e 1e 00 15 10 23 00 10 1d 13 00 1b 10 29 28 00 23 1e ff
boss	BOSS_21	21	$9F56	0x09F56	0x09F66	16	OPPOSE ME	ĐỐI ĐẦU VỚI TA	35 00 16 19 1d 1e 1f 1f 1e 22 14 00 1c 14 76 ff
boss	BOSS_22	22	$9F66	0x09F66	0x09F76	32	GIVE IT UP, PAL. YOU'RE NO	BỎ CUỘC ĐI, NHÓC. NGƯƠI KHÔNG PHẢI	2b 00 17 17 17 16 18 25 14 00 18 23 00 24 1f 2c 00 1f 10 1b 2b 00 28 1e 24 2a 21 14 00 1d 1e ff
boss	BOSS_23	23	$9F86	0x09F86	0x09F96	14	SAMURAI.	SAMURAI.	2b 00 18 18 18 22 10 1c 24 21 10 18 2b ff
boss	BOSS_24	24	$9F94	0x09F94	0x09FA4	22	WHERE'S JESSICA	JESSICA ĐÂU RỒI	2b 00 21 21 21 26 17 14 21 14 2a 22 00 19 14 22 22 18 12 10 75 ff
boss	BOSS_25	25	$9FAA	0x09FAA	0x09FBA	30	BIG MOUTH, LITTLE SWORD.	MỒM TO, KIẾM NHỎ.	2b 00 1a 1a 1a 11 18 16 00 1c 1e 24 23 17 2c 00 1b 18 23 23 1b 14 00 22 26 1e 21 13 2b ff
boss	BOSS_26	26	$9FC8	0x09FC8	0x09FD8	27	TELL ME WHAT YOU KNOW	NÓI TA BIẾT NHỮNG GÌ NGƯƠI BIẾT	2b 00 1b 1b 1b 23 14 1b 1b 00 1c 14 00 26 17 10 23 00 28 1e 24 00 1a 1d 1e 26 ff
boss	BOSS_27	27	$9FE3	0x09FE3	0x09FF3	26	OR I'LL CLOBBER YOU	KHÔNG THÌ TA SẼ ĐẬP NGƯƠI	2b 00 21 21 21 1e 21 00 18 2a 1b 1b 00 12 1b 1e 11 11 14 21 00 28 1e 24 76 ff
boss	BOSS_28	28	$9FFD	0x09FFD	0x0A00D	29	YOU'RE NO MATCH FOR ME.	NGƯƠI KHÔNG PHẢI ĐỐI THỦ CỦA TA.	2b 00 1e 1e 1e 28 1e 24 2a 21 14 00 1d 1e 00 1c 10 23 12 17 00 15 1e 21 00 1c 14 2b ff
boss	BOSS_29	29	$9FFD	0x09FFD	0x0A00D	29	YOU'RE NO MATCH FOR ME.	NGƯƠI KHÔNG PHẢI ĐỐI THỦ CỦA TA.	2b 00 1e 1e 1e 28 1e 24 2a 21 14 00 1d 1e 00 1c 10 23 12 17 00 15 1e 21 00 1c 14 2b ff
boss	BOSS_30	30	$A01A	0x0A01A	0x0A02A	27	I AM THE SLAM MASTER.	TA LÀ SLAM MASTER.	2b 00 1f 1f 1f 18 00 10 1c 00 23 17 14 00 22 1b 10 1c 00 1c 10 22 23 14 21 2b ff
boss	BOSS_31	31	$A035	0x0A035	0x0A045	32	GET OUT OF MY WAY BEFORE I	TRÁNH ĐƯỜNG CHO TA TRƯỚC KHI TA	2b 00 20 20 20 16 14 23 00 1e 24 23 00 1e 15 00 1c 28 00 26 10 28 00 11 14 15 1e 21 14 00 18 ff
boss	BOSS_32	32	$A055	0x0A055	0x0A065	21	STOMP YOU FLAT.	DẬP BẸP NGƯƠI.	2b 00 21 21 21 22 23 1e 1c 1f 00 28 1e 24 00 15 1b 10 23 2b ff
boss	BOSS_33	33	$A06A	0x0A06A	0x0A07A	33	ARE YOU DONE FLAPPIN' THOSE	NÓI ĐỦ CHƯA? ĐỪNG CỨ VUNG	35 00 22 22 22 10 21 14 00 28 1e 24 00 13 1e 1d 14 00 15 1b 10 1f 1f 18 1d 2a 00 23 17 1e 22 14 ff
boss	BOSS_34	34	$A08B	0x0A08B	0x0A09B	20	LIPS OF YOURS	MÔI MÉP NHƯ THẾ	35 00 23 23 23 1b 18 1f 22 00 1e 15 00 28 1e 24 21 22 75 ff
boss	BOSS_35	35	$A09F	0x0A09F	0x0A0AF	34	GOOD, BECAUSE I'M GONNA CHOP	TỐT, VÌ TA SẼ CHẶT	35 00 24 24 24 16 1e 1e 13 2c 00 11 14 12 10 24 22 14 00 18 2a 1c 00 16 1e 1d 1d 10 00 12 17 1e 1f ff
boss	BOSS_36	36	$A0C1	0x0A0C1	0x0A0D1	23	YOU DOWN TO SIZE	NGƯƠI THÀNH TỪNG MẢNH	35 00 00 00 00 28 1e 24 00 13 1e 26 1d 00 23 1e 00 22 18 29 14 76 ff
boss	BOSS_37	37	$A0D8	0x0A0D8	0x0A0E8	31	I'M ABIGAIL, THE TOUGHEST	TA LÀ ABIGAIL, KẺ MẠNH NHẤT	35 00 27 27 27 18 2a 1c 00 10 11 18 16 10 18 1b 2c 00 23 17 14 00 23 1e 24 16 17 14 22 23 ff
boss	BOSS_38	38	$A0D8	0x0A0D8	0x0A0E8	31	I'M ABIGAIL, THE TOUGHEST	TA LÀ ABIGAIL, KẺ MẠNH NHẤT	35 00 27 27 27 18 2a 1c 00 10 11 18 16 10 18 1b 2c 00 23 17 14 00 23 1e 24 16 17 14 22 23 ff
boss	BOSS_39	39	$A0F7	0x0A0F7	0x0A107	30	FIGHTER IN THE MAD GEAR.	TRONG BĂNG MAD GEAR.	35 00 28 28 28 15 18 16 17 23 14 21 00 18 1d 00 23 17 14 00 1c 10 13 00 16 14 10 21 2b ff
boss	BOSS_40	40	$A115	0x0A115	0x0A125	34	YOU'VE BEEN LUCKY SO FAR....	NGƯƠI ĐÃ MAY MẮN ĐẾN GIỜ....	35 00 29 29 29 28 1e 24 2a 25 14 00 11 14 14 1d 00 1b 24 12 1a 28 00 22 1e 00 15 10 21 2b 2b 2b 2b ff
boss	BOSS_41	41	$A137	0x0A137	0x0A147	32	BUT YOUR LUCK HAS JUST RUN	NHƯNG VẬN MAY CỦA NGƯƠI ĐÃ	35 00 2a 2a 2a 11 24 23 00 28 1e 24 21 00 1b 24 12 1a 00 17 10 22 00 19 24 22 23 00 21 24 1d ff
boss	BOSS_42	42	$A157	0x0A157	0x0A167	10	OUT	HẾT	35 00 2b 2b 2b 1e 24 23 76 ff
boss	BOSS_43	43	$A161	0x0A161	0x0A171	31	THE OTHERS LOOKED TOUGHER	NHỮNG KẺ KHÁC CÒN TRÔNG ĐÁNG GỜM HƠN	2b 00 2c 2c 2c 23 17 14 00 1e 23 17 14 21 22 00 1b 1e 1e 1a 14 13 00 23 1e 24 16 17 14 21 ff
boss	BOSS_44	44	$A180	0x0A180	0x0A190	21	THAN YOU, JERK	NGƯƠI NHIỀU, ĐỒ NGỐC	2b 00 2d 2d 2d 23 17 10 1d 00 28 1e 24 2c 00 19 14 21 1a 76 ff
boss	BOSS_45	45	$A195	0x0A195	0x0A1A5	33	I'M GONNA SHOVE THOSE WORDS	TA SẼ NHÉT MẤY LỜI ĐÓ	35 00 2e 2e 2e 18 2a 1c 00 16 1e 1d 1d 10 00 22 17 1e 25 14 00 23 17 1e 22 14 00 26 1e 21 13 22 ff
boss	BOSS_46	46	$A1B6	0x0A1B6	0x0A1C6	23	DOWN YOUR THROAT	XUỐNG HỌNG NGƯƠI	35 00 00 00 00 13 1e 26 1d 00 28 1e 24 21 00 23 17 21 1e 10 23 76 ff
boss	BOSS_47	47	$A1CD	0x0A1CD	0x0A1DD	30	JESSICA HAS ALREADY BEEN	JESSICA ĐÃ BỊ ĐƯA	35 00 30 30 30 19 14 22 22 18 12 10 00 17 10 22 00 10 1b 21 14 10 13 28 00 11 14 14 1d ff
boss	BOSS_48	48	$A1EB	0x0A1EB	0x0A1FB	34	TAKEN TO OUR SECRET HIDEOUT.	TỚI SÀO HUYỆT BÍ MẬT CỦA BỌN TA.	35 00 31 31 31 23 10 1a 14 1d 00 23 1e 00 1e 24 21 00 22 14 12 21 14 23 00 17 18 13 14 1e 24 23 2b ff
boss	BOSS_49	49	$A20D	0x0A20D	0x0A21D	33	MY BROTHER'S DEFEAT WILL BE	CÁI CHẾT CỦA ANH TRAI TA SẼ ĐƯỢC	35 00 32 32 32 1c 28 00 11 21 1e 23 17 14 21 2a 22 00 13 14 15 14 10 23 00 26 18 1b 1b 00 11 14 ff
boss	BOSS_50	50	$A22E	0x0A22E	0x0A23E	14	AVENGED	BÁO THÙ	35 00 3b 3b 3b 10 25 14 1d 16 14 13 76 ff
boss	BOSS_51	51	$A23C	0x0A23C	0x0A24C	33	YOU LOOK A LITTLE RUN DOWN.	TRÔNG NGƯƠI HƠI MỆT.	35 00 34 34 34 28 1e 24 00 1b 1e 1e 1a 00 10 00 1b 18 23 23 1b 14 00 21 24 1d 00 13 1e 26 1d 2b ff
boss	BOSS_52	52	$A25D	0x0A25D	0x0A26D	28	HERE, HAVE SOME WATER.	NÀY, UỐNG ÍT NƯỚC ĐI.	35 01 35 37 00 17 14 21 14 2c 00 17 10 25 14 00 22 1e 1c 14 00 26 10 23 14 21 2b ff
boss	BOSS_53	53	$A279	0x0A279	0x0A289	26	I FEEL REFRESHED AND	TA CẢM THẤY KHỎE KHOẮN VÀ	2b 00 36 36 36 18 00 15 14 14 1b 00 21 14 15 21 14 22 17 14 13 00 10 1d 13 ff
boss	BOSS_54	54	$A293	0x0A293	0x0A2A3	20	STRENGTHENED.	MẠNH HƠN RỒI.	2b 00 3b 3b 3b 22 23 21 14 1d 16 23 17 14 1d 14 13 2b fc ff
boss	BOSS_55	55	$A2A7	0x0A2A7	0x0A2B7	33	YOU DARE TO REFUSE MY GIFT	NGƯƠI DÁM TỪ CHỐI MÓN QUÀ CỦA TA	35 00 38 38 38 28 1e 24 00 13 10 21 14 00 23 1e 00 21 14 15 24 22 14 00 1c 28 00 16 18 15 23 76 ff
boss	BOSS_56	56	$A2C8	0x0A2C8	0x0A2D8	30	YOU HAVE INSULTED ME AND	NGƯƠI ĐÃ XÚC PHẠM TA, VÀ	35 00 39 39 39 28 1e 24 00 17 10 25 14 00 18 1d 22 24 1b 23 14 13 00 1c 14 00 10 1d 13 ff
boss	BOSS_57	57	$A2E6	0x0A2E6	0x0A2F6	26	FOR THAT YOU MUST BE	VÌ THẾ NGƯƠI SẼ BỊ	35 00 3a 3a 3a 15 1e 21 00 23 17 10 23 00 28 1e 24 00 1c 24 22 23 00 11 14 ff
boss	BOSS_58	58	$A300	0x0A300	0x0A310	16	DESTROYED.	TIÊU DIỆT.	35 00 3b 3b 3b 13 14 22 23 21 1e 28 14 13 2b ff
boss	BOSS_59	59	$A310	0x0A310	0x0A320	13	READY	SẴN SÀNG	35 00 00 00 00 21 14 10 13 28 76 75 ff
boss	BOSS_60	60	$A31D	0x0A31D	0x0A32D	33	FINAL VICTORY WILL BE MINE	CHIẾN THẮNG CUỐI CÙNG SẼ THUỘC VỀ TA	35 00 00 00 00 15 18 1d 10 1b 00 25 18 12 23 1e 21 28 00 26 18 1b 1b 00 11 14 00 1c 18 1d 14 76 ff
boss	BOSS_61	61	$A33E	0x0A33E	0x0A34E	33	I LOVE JESSICA. GIVE HER TO	TA YÊU JESSICA. HÃY GIAO CÔ ẤY CHO	2b 00 3e 3e 3e 18 00 1b 1e 25 14 00 19 14 22 22 18 12 10 2b 00 16 18 25 14 00 17 14 21 00 23 1e ff
boss	BOSS_62	62	$A35F	0x0A35F	0x0A36F	9	ME	TA	2b 00 43 43 43 1c 14 76 ff
boss	BOSS_63	63	$A368	0x0A368	0x0A378	22	YOU'RE THE BOSS	NGƯƠI LÀ KẺ CẦM ĐẦU SAO	2b 00 4e 4e 4e 28 1e 24 2a 21 14 00 23 17 14 00 11 1e 22 22 75 ff
boss	BOSS_64	64	$A37E	0x0A37E	0x0A38E	33	HA! I'VE FINALLY FOUND YOU.	HA! CUỐI CÙNG TA CŨNG TÌM THẤY NGƯƠI.	2b 00 41 41 41 17 10 76 00 18 2a 25 14 00 15 18 1d 10 1b 1b 28 00 15 1e 24 1d 13 00 28 1e 24 2b ff
boss	BOSS_65	65	$A39F	0x0A39F	0x0A3AF	30	RELEASE MY DAUGHTER, YOU	THẢ CON GÁI TA RA,	2b 00 42 42 42 21 14 1b 14 10 22 14 00 1c 28 00 13 10 24 16 17 23 14 21 2c 00 28 1e 24 ff
boss	BOSS_66	66	$A3BD	0x0A3BD	0x0A3CD	34	WORTHLESS BALL OF POND SCUM	ĐỒ VÔ DỤNG BẨN THỈU.	2b 00 43 43 43 26 1e 21 23 17 1b 14 22 22 00 11 10 1b 1b 00 1e 15 00 1f 1e 1d 13 00 22 12 24 1c 76 ff
boss	BOSS_67	67	$A3DF	0x0A3DF	0x0A3EF	34	RELAX. JESSICA IS MY SPECIAL	BÌNH TĨNH. JESSICA LÀ KHÁCH ĐẶC BIỆT	35 00 44 44 44 21 14 1b 10 27 2b 00 19 14 22 22 18 12 10 00 18 22 00 1c 28 00 22 1f 14 12 18 10 1b ff
boss	BOSS_68	68	$A401	0x0A401	0x0A411	12	GUEST.	CỦA TA.	35 00 45 45 45 16 24 14 22 23 2b ff
boss	BOSS_69	69	$A40D	0x0A40D	0x0A41D	30	SHE IS IN THE NEXT ROOM.	CÔ ẤY Ở PHÒNG KẾ BÊN.	35 00 46 46 46 22 17 14 00 18 22 00 18 1d 00 23 17 14 00 1d 14 27 23 00 21 1e 1e 1c 2b ff
boss	BOSS_70	70	$A42B	0x0A42B	0x0A43B	33	JESSICA AND I ARE SCHEDULED	NGÀY MAI JESSICA VÀ TA SẼ	35 00 47 47 47 19 14 22 22 18 12 10 00 10 1d 13 00 18 00 10 21 14 00 22 12 17 14 13 24 1b 14 13 ff
boss	BOSS_71	71	$A44C	0x0A44C	0x0A45C	29	TO BE MARRIED TOMORROW	KẾT HÔN.	35 00 48 48 48 23 1e 00 11 14 00 1c 10 21 21 18 14 13 00 23 1e 1c 1e 21 21 1e 26 76 ff
boss	BOSS_72	72	$A469	0x0A469	0x0A479	15	HA HA HA	HA HA HA	35 00 49 49 49 17 10 78 17 10 78 17 10 76 ff
boss	BOSS_73	73	$A478	0x0A478	0x0A488	22	LET US BEGIN OUR	HÃY BẮT ĐẦU	35 00 4a 4a 4a 1b 14 23 00 24 22 00 11 14 16 18 1d 00 1e 24 21 ff
boss	BOSS_74	74	$A48E	0x0A48E	0x0A49E	18	FINAL FIGHT	TRẬN CHIẾN CUỐI CÙNG	35 00 00 00 00 15 18 1d 10 1b 00 15 18 16 17 23 76 ff
boss	BOSS_75	75	$A4A0	0x0A4A0	0x0A4B0	29	YOU'RE NO MATCH FOR ME	NGƯƠI KHÔNG PHẢI ĐỐI THỦ CỦA TA	35 00 4c 4c 4c 28 1e 24 2a 21 14 00 1d 1e 00 1c 10 23 12 17 00 15 1e 21 00 1c 14 76 ff
boss	BOSS_76	76	$A4BD	0x0A4BD	0x0A4CD	13	READY	SẴN SÀNG	35 00 00 00 00 21 14 10 13 28 76 75 ff
boss	BOSS_77	77	$A4CA	0x0A4CA	0x0A4DA	29	YOUR JOURNEY ENDS HERE	HÀNH TRÌNH CỦA NGƯƠI KẾT THÚC TẠI ĐÂY	35 00 00 00 00 28 1e 24 21 00 19 1e 24 21 1d 14 28 00 14 1d 13 22 00 17 14 21 14 76 ff
credits	CREDIT_00	0	$A7E0	0x127E0	0x127F0	17	STAFF	Ê-KÍP	00 00 00 00 00 22 00 23 00 10 00 15 00 15 fe fe ff
credits	CREDIT_01	1	$A7F1	0x127F1	0x12801	140	PLANNER K.O PROGRAMMER CHIPS EACUM NIWANO OBJECT DESIGNER ARASHI.KAI TSUBO PI ZENDEN	LẬP KẾ HOẠCH: K.O
LẬP TRÌNH: CHIPS, EACUM, NIWANO
THIẾT KẾ ĐỐI TƯỢNG: ARASHI.KAI, TSUBO PI, ZENDEN	00 00 00 00 00 00 1f 1b 10 1d 1d 14 21 fe 00 00 00 00 00 00 00 00 1a 2b 1e fe fe 00 00 00 00 1f 21 1e 16 21 10 1c 1c 14 21 fe fe fe 00 00 00 00 00 00 12 17 18 1f 22 fe 00 00 00 00 00 00 14 10 12 24 1c fe 00 00 00 00 00 00 1d 18 26 10 1d 1e fe 00 00 1e 11 19 14 12 23 00 13 14 22 18 16 1d 14 21 fe fe fe 00 00 00 00 10 21 10 22 17 18 2b 1a 10 18 fe 00 00 00 00 23 22 24 11 1e 00 1f 18 fe 00 00 00 00 29 14 1d 13 14 1d ff
credits	CREDIT_02	2	$A87D	0x1287D	0x1288D	78	SCROLL DESIGNER YUKI LINDA RYUGO ARNIE MAMIMU	THIẾT KẾ CUỘN: YUKI, LINDA, RYUGO, ARNIE, MAMIMU	00 00 22 12 21 1e 1b 1b 00 13 14 22 18 16 1d 14 21 fe 00 00 00 00 00 00 28 24 1a 18 fe 00 00 00 00 00 00 1b 18 1d 13 10 fe 00 00 00 00 00 00 21 28 24 16 1e fe 00 00 00 00 00 00 10 21 1d 18 14 fe 00 00 00 00 00 00 1c 10 1c 18 1c 24 ff
credits	CREDIT_03	3	$A8CB	0x128CB	0x128DB	145	SOUND COMPOSE SETSUO YUKO SPECIAL THANKS MANASHI USHI BLACK.I PROFESSOR.K AND CAPCOM ALL STAFF	NHẠC: SETSUO, YUKO
ĐẶC BIỆT CẢM ƠN: MANASHI, USHI, BLACK.I, PROFESSOR.K
VÀ TOÀN THỂ NHÂN VIÊN CAPCOM	00 00 00 22 1e 24 1d 13 00 12 1e 1c 1f 1e 22 14 fe 00 00 00 00 00 00 00 22 14 23 22 24 1e fe 00 00 00 00 00 00 00 28 24 1a 1e fe 00 00 00 22 1f 14 12 18 10 1b 00 23 17 10 1d 1a 22 fe 00 00 00 00 00 00 1c 10 1d 10 22 17 18 fe 00 00 00 00 00 00 24 22 17 18 fe fe 00 00 00 00 11 1b 10 12 1a 2b 18 fe 00 00 00 00 1f 21 1e 15 14 22 22 1e 21 2b 1a fe fe 00 00 00 00 00 00 00 10 1d 13 fe 00 12 10 1f 12 1e 1c 00 10 1b 1b 00 22 23 10 15 15 ff
credits	CREDIT_04	4	$A95C	0x1295C	0x1296C	64	THANK YOU FOR YOUR PLAYING PRESENTED BY CAPCOM	CẢM ƠN
BẠN ĐÃ CHƠI

TRÌNH BÀY BỞI CAPCOM	00 00 00 00 23 17 10 1d 1a 00 28 1e 24 fe 00 00 00 00 00 00 00 15 1e 21 00 fe 00 00 00 28 1e 24 21 00 1f 1b 10 28 18 1d 16 fe fe 1f 21 14 22 14 1d 23 14 13 00 11 28 00 12 10 1f 12 1e 1c fe ff
