group,index,cpu_pointer,pointer_table,prg_offset,file_offset,bytes_to_ff,mapping
opening,0,$9B3A,0x1B2C/0x1B33,0x01B3A,0x01B4A,250,PRG bank 0 @ $8000
opening,1,$9C34,0x1B2C/0x1B33,0x01C34,0x01C44,88,PRG bank 0 @ $8000
opening,2,$9C8C,0x1B2C/0x1B33,0x01C8C,0x01C9C,23,PRG bank 0 @ $8000
opening,3,$9CA3,0x1B2C/0x1B33,0x01CA3,0x01CB3,139,PRG bank 0 @ $8000
opening,4,$9D2E,0x1B2C/0x1B33,0x01D2E,0x01D3E,46,PRG bank 0 @ $8000
opening,5,$9D5C,0x1B2C/0x1B33,0x01D5C,0x01D6C,171,PRG bank 0 @ $8000
opening,6,$9E07,0x1B2C/0x1B33,0x01E07,0x01E17,198,PRG bank 0 @ $8000
boss,0,$9D71,$A4FD/$A54C,0x09D71,0x09D81,29,PRG bank 4 @ $8000
boss,1,$9D71,$A4FD/$A54C,0x09D71,0x09D81,29,PRG bank 4 @ $8000
boss,2,$9D8E,$A4FD/$A54C,0x09D8E,0x09D9E,25,PRG bank 4 @ $8000
boss,3,$9DA7,$A4FD/$A54C,0x09DA7,0x09DB7,25,PRG bank 4 @ $8000
boss,4,$9DC0,$A4FD/$A54C,0x09DC0,0x09DD0,31,PRG bank 4 @ $8000
boss,5,$9DC0,$A4FD/$A54C,0x09DC0,0x09DD0,31,PRG bank 4 @ $8000
boss,6,$9DDF,$A4FD/$A54C,0x09DDF,0x09DEF,15,PRG bank 4 @ $8000
boss,7,$9DEE,$A4FD/$A54C,0x09DEE,0x09DFE,25,PRG bank 4 @ $8000
boss,8,$9E07,$A4FD/$A54C,0x09E07,0x09E17,15,PRG bank 4 @ $8000
boss,9,$9E16,$A4FD/$A54C,0x09E16,0x09E26,90,PRG bank 4 @ $8000
boss,10,$9E39,$A4FD/$A54C,0x09E39,0x09E49,55,PRG bank 4 @ $8000
boss,11,$9E5C,$A4FD/$A54C,0x09E5C,0x09E6C,20,PRG bank 4 @ $8000
boss,12,$9E70,$A4FD/$A54C,0x09E70,0x09E80,32,PRG bank 4 @ $8000
boss,13,$9E90,$A4FD/$A54C,0x09E90,0x09EA0,15,PRG bank 4 @ $8000
boss,14,$9E9F,$A4FD/$A54C,0x09E9F,0x09EAF,28,PRG bank 4 @ $8000
boss,15,$9EBB,$A4FD/$A54C,0x09EBB,0x09ECB,34,PRG bank 4 @ $8000
boss,16,$9EDD,$A4FD/$A54C,0x09EDD,0x09EED,11,PRG bank 4 @ $8000
boss,17,$9EE8,$A4FD/$A54C,0x09EE8,0x09EF8,30,PRG bank 4 @ $8000
boss,18,$9F06,$A4FD/$A54C,0x09F06,0x09F16,31,PRG bank 4 @ $8000
boss,19,$9F25,$A4FD/$A54C,0x09F25,0x09F35,17,PRG bank 4 @ $8000
boss,20,$9F36,$A4FD/$A54C,0x09F36,0x09F46,32,PRG bank 4 @ $8000
boss,21,$9F56,$A4FD/$A54C,0x09F56,0x09F66,16,PRG bank 4 @ $8000
boss,22,$9F66,$A4FD/$A54C,0x09F66,0x09F76,32,PRG bank 4 @ $8000
boss,23,$9F86,$A4FD/$A54C,0x09F86,0x09F96,14,PRG bank 4 @ $8000
boss,24,$9F94,$A4FD/$A54C,0x09F94,0x09FA4,22,PRG bank 4 @ $8000
boss,25,$9FAA,$A4FD/$A54C,0x09FAA,0x09FBA,30,PRG bank 4 @ $8000
boss,26,$9FC8,$A4FD/$A54C,0x09FC8,0x09FD8,27,PRG bank 4 @ $8000
boss,27,$9FE3,$A4FD/$A54C,0x09FE3,0x09FF3,26,PRG bank 4 @ $8000
boss,28,$9FFD,$A4FD/$A54C,0x09FFD,0x0A00D,29,PRG bank 4 @ $8000
boss,29,$9FFD,$A4FD/$A54C,0x09FFD,0x0A00D,29,PRG bank 4 @ $8000
boss,30,$A01A,$A4FD/$A54C,0x0A01A,0x0A02A,27,PRG bank 4 @ $8000
boss,31,$A035,$A4FD/$A54C,0x0A035,0x0A045,32,PRG bank 4 @ $8000
boss,32,$A055,$A4FD/$A54C,0x0A055,0x0A065,21,PRG bank 4 @ $8000
boss,33,$A06A,$A4FD/$A54C,0x0A06A,0x0A07A,33,PRG bank 4 @ $8000
boss,34,$A08B,$A4FD/$A54C,0x0A08B,0x0A09B,20,PRG bank 4 @ $8000
boss,35,$A09F,$A4FD/$A54C,0x0A09F,0x0A0AF,34,PRG bank 4 @ $8000
boss,36,$A0C1,$A4FD/$A54C,0x0A0C1,0x0A0D1,23,PRG bank 4 @ $8000
boss,37,$A0D8,$A4FD/$A54C,0x0A0D8,0x0A0E8,31,PRG bank 4 @ $8000
boss,38,$A0D8,$A4FD/$A54C,0x0A0D8,0x0A0E8,31,PRG bank 4 @ $8000
boss,39,$A0F7,$A4FD/$A54C,0x0A0F7,0x0A107,30,PRG bank 4 @ $8000
boss,40,$A115,$A4FD/$A54C,0x0A115,0x0A125,34,PRG bank 4 @ $8000
boss,41,$A137,$A4FD/$A54C,0x0A137,0x0A147,32,PRG bank 4 @ $8000
boss,42,$A157,$A4FD/$A54C,0x0A157,0x0A167,10,PRG bank 4 @ $8000
boss,43,$A161,$A4FD/$A54C,0x0A161,0x0A171,31,PRG bank 4 @ $8000
boss,44,$A180,$A4FD/$A54C,0x0A180,0x0A190,21,PRG bank 4 @ $8000
boss,45,$A195,$A4FD/$A54C,0x0A195,0x0A1A5,33,PRG bank 4 @ $8000
boss,46,$A1B6,$A4FD/$A54C,0x0A1B6,0x0A1C6,23,PRG bank 4 @ $8000
boss,47,$A1CD,$A4FD/$A54C,0x0A1CD,0x0A1DD,30,PRG bank 4 @ $8000
boss,48,$A1EB,$A4FD/$A54C,0x0A1EB,0x0A1FB,34,PRG bank 4 @ $8000
boss,49,$A20D,$A4FD/$A54C,0x0A20D,0x0A21D,33,PRG bank 4 @ $8000
boss,50,$A22E,$A4FD/$A54C,0x0A22E,0x0A23E,14,PRG bank 4 @ $8000
boss,51,$A23C,$A4FD/$A54C,0x0A23C,0x0A24C,33,PRG bank 4 @ $8000
boss,52,$A25D,$A4FD/$A54C,0x0A25D,0x0A26D,28,PRG bank 4 @ $8000
boss,53,$A279,$A4FD/$A54C,0x0A279,0x0A289,26,PRG bank 4 @ $8000
boss,54,$A293,$A4FD/$A54C,0x0A293,0x0A2A3,20,PRG bank 4 @ $8000
boss,55,$A2A7,$A4FD/$A54C,0x0A2A7,0x0A2B7,33,PRG bank 4 @ $8000
boss,56,$A2C8,$A4FD/$A54C,0x0A2C8,0x0A2D8,30,PRG bank 4 @ $8000
boss,57,$A2E6,$A4FD/$A54C,0x0A2E6,0x0A2F6,26,PRG bank 4 @ $8000
boss,58,$A300,$A4FD/$A54C,0x0A300,0x0A310,16,PRG bank 4 @ $8000
boss,59,$A310,$A4FD/$A54C,0x0A310,0x0A320,13,PRG bank 4 @ $8000
boss,60,$A31D,$A4FD/$A54C,0x0A31D,0x0A32D,33,PRG bank 4 @ $8000
boss,61,$A33E,$A4FD/$A54C,0x0A33E,0x0A34E,33,PRG bank 4 @ $8000
boss,62,$A35F,$A4FD/$A54C,0x0A35F,0x0A36F,9,PRG bank 4 @ $8000
boss,63,$A368,$A4FD/$A54C,0x0A368,0x0A378,22,PRG bank 4 @ $8000
boss,64,$A37E,$A4FD/$A54C,0x0A37E,0x0A38E,33,PRG bank 4 @ $8000
boss,65,$A39F,$A4FD/$A54C,0x0A39F,0x0A3AF,30,PRG bank 4 @ $8000
boss,66,$A3BD,$A4FD/$A54C,0x0A3BD,0x0A3CD,34,PRG bank 4 @ $8000
boss,67,$A3DF,$A4FD/$A54C,0x0A3DF,0x0A3EF,34,PRG bank 4 @ $8000
boss,68,$A401,$A4FD/$A54C,0x0A401,0x0A411,12,PRG bank 4 @ $8000
boss,69,$A40D,$A4FD/$A54C,0x0A40D,0x0A41D,30,PRG bank 4 @ $8000
boss,70,$A42B,$A4FD/$A54C,0x0A42B,0x0A43B,33,PRG bank 4 @ $8000
boss,71,$A44C,$A4FD/$A54C,0x0A44C,0x0A45C,29,PRG bank 4 @ $8000
boss,72,$A469,$A4FD/$A54C,0x0A469,0x0A479,15,PRG bank 4 @ $8000
boss,73,$A478,$A4FD/$A54C,0x0A478,0x0A488,22,PRG bank 4 @ $8000
boss,74,$A48E,$A4FD/$A54C,0x0A48E,0x0A49E,18,PRG bank 4 @ $8000
boss,75,$A4A0,$A4FD/$A54C,0x0A4A0,0x0A4B0,29,PRG bank 4 @ $8000
boss,76,$A4BD,$A4FD/$A54C,0x0A4BD,0x0A4CD,13,PRG bank 4 @ $8000
boss,77,$A4CA,$A4FD/$A54C,0x0A4CA,0x0A4DA,29,PRG bank 4 @ $8000
credits,0,$A7E0,0xA7D6/0xA7DB,0x127E0,0x127F0,17,PRG bank 9 @ $A000
credits,1,$A7F1,0xA7D6/0xA7DB,0x127F1,0x12801,140,PRG bank 9 @ $A000
credits,2,$A87D,0xA7D6/0xA7DB,0x1287D,0x1288D,78,PRG bank 9 @ $A000
credits,3,$A8CB,0xA7D6/0xA7DB,0x128CB,0x128DB,145,PRG bank 9 @ $A000
credits,4,$A95C,0xA7D6/0xA7DB,0x1295C,0x1296C,64,PRG bank 9 @ $A000
